{
  "Tags": {
    "Author": "bebenlebricolo",
    "Contributors": [
      "Dummy author 1",
      "Dummy author 2",
      "Dummy author 3"
    ],
    "License": {
      "name": "GPLv3",
      "url": "https://www.gnu.org/licenses/quick-guide-gplv3.html"
    },
    "Organisation": {
      "type": "Independant",
      "name": "bebenCorp",
      "url": "https://github.com/bebenlebricolo"
    },
    "Date": "30/04/2018",
    "Custom Tag 1": "Hello World",
    "Custom Tag 2": "My Super Duper Cool coffee",
    "Custom Tag 3": "I want more tags!!!"
  }
}